{"cameraMode":{"drawMode":0,"name":"Shaded","section":"Shading Mode"},"sceneLighting":true,"audioPlay":false,"sceneViewState":{"showFog":true,"showMaterialUpdate":true,"showSkybox":true,"showFlares":true,"showImageEffects":true,"showParticleSystems":true},"in2DMode":false,"pivot":{"x":-3.0762901306152345,"y":0.023761630058288575,"z":1.763498067855835},"rotation":{"x":0.1231594905257225,"y":-0.44520431756973269,"z":0.06196980178356171,"w":0.8847703337669373},"size":1.898026704788208,"orthographic":false}